0,1,2,3,4,5,6,7,8,9,10,11,12,13,14,15,16,17,18,19,20,21,22,23,24,25,26,27,28,29,30,31,32,33,34,35,36,37,38,39,40,41,42,43,44,45,46,47,48,49,50,51,52,53,54,55,56,57,58,59,60,61,62,63,64,65,66,67,68,69,70,71,72,73,74,75,76,77,78,79,80,81,82,83,84,85,86
CANADIAN DOLLAR - CHICAGO MERCANTILE EXCHANGE,260929,2026-09-29,090741,CME ,0,90,347274,165625,65801,1189,95566,123147,4442,34581,104225,3308,13891,5597,574,319176,308283,28098,38991,   36189,   35635,    -377,    1033,     732,    4192,    -122,    2166,   24949,     114,    -808,     856,    -208,   38542,   30437,   -2353,    5752,100.0,47.7,18.9,0.3,27.5,35.5,1.3,10.0,30.0,1.0,4.0,1.6,0.2,91.9,88.8,8.1,11.2,137,     10,      6,.,     14,     29,     11,     21,     40,     12,     13,      4,.,74,91,61.5,33.1,71.1,46.0,61.5,33.1,71.1,46.0,"(CONTRACTS OF CAD 100,000)",090741,CME ,90,F10,FutOnly
SWISS FRANC - CHICAGO MERCANTILE EXCHANGE,260929,2026-09-29,092741,CME ,0,92,133872,86127,20679,2,18374,54785,5397,9541,23536,9,1550,1069,3560,124560,109037,9312,24835,     377,   -1159,    1678,     -33,    1943,    2831,   -1024,     814,   -1648,       0,       0,    -422,       2,     543,    1384,    -166,   -1007,100.0,64.3,15.4,0.0,13.7,40.9,4.0,7.1,17.6,0.0,1.2,0.8,2.7,93.0,81.4,7.0,18.6,63,      6,      4,.,      5,     17,      4,     11,     15,.,.,.,.,29,41,76.6,31.3,83.7,49.2,72.7,31.3,78.1,49.1,"(CONTRACTS OF CHF 125,000)",092741,CME ,92,F10,FutOnly
BRITISH POUND - CHICAGO MERCANTILE EXCHANGE,260929,2026-09-29,096742,CME ,0,96,251740,143035,8402,3976,19403,147947,5070,53713,49107,1587,460,1348,0,227244,217437,24496,34303,    6815,   27448,     957,      42,   -6229,    6510,   -1486,  -11381,   -2748,    -872,       0,     424,       0,    7522,    2827,    -707,    3988,100.0,56.8,3.3,1.6,7.7,58.8,2.0,21.3,19.5,0.6,0.2,0.5,0.0,90.3,86.4,9.7,13.6,106,      9,      5,.,      7,     31,      6,     22,     29,      6,.,.,      0,48,73,49.9,41.7,67.5,52.5,48.3,41.5,65.5,52.2,"(CONTRACTS OF GBP 62,500)",096742,CME ,96,F10,FutOnly
JAPANESE YEN - CHICAGO MERCANTILE EXCHANGE,260929,2026-09-29,097741,CME ,0,97,360720,54528,141230,3962,117526,65892,8096,77429,91590,10243,51999,3315,1970,325753,326298,34967,34422,  -17981,   -2165,  -23747,     792,    6794,   -3211,    1479,  -15494,    6090,    -127,   -5446,     670,    -684,  -14851,  -18738,   -3130,     757,100.0,15.1,39.2,1.1,32.6,18.3,2.2,21.5,25.4,2.8,14.4,0.9,0.5,90.3,90.5,9.7,9.5,161,      9,     13,      4,     24,     25,     13,     35,     38,     15,     13,.,.,94,101,35.8,43.1,53.2,58.8,35.7,42.2,53.1,58.0,"(CONTRACTS OF JPY 12,500,000)",097741,CME ,97,F10,FutOnly
EURO FX - CHICAGO MERCANTILE EXCHANGE,260929,2026-09-29,099741,CME ,0,99,853959,47546,259712,7214,500353,279750,43567,124857,164122,19175,27547,19398,3635,773894,796573,80065,57386,   32270,   -1162,   -9948,    2524,   18124,   14004,     305,   10706,   23277,     -41,    1869,    1516,      -7,   32318,   31630,     -48,     640,100.0,5.6,30.4,0.8,58.6,32.8,5.1,14.6,19.2,2.2,3.2,2.3,0.4,90.6,93.3,9.4,6.7,336,     17,     15,      8,    115,     46,     49,     51,     50,     18,     26,     15,      6,239,178,20.8,31.6,31.1,48.0,20.7,31.2,30.7,46.8,"(CONTRACTS OF EUR 125,000)",099741,CME ,99,F10,FutOnly
AUSTRALIAN DOLLAR - CHICAGO MERCANTILE EXCHANGE,260929,2026-09-29,232741,CME ,0,232,309800,82358,91145,188,90988,164187,3356,92560,31968,1580,5153,650,5,276188,293079,33612,16721,    3312,    4123,  -15098,     -88,   -2991,   14855,    -598,    5465,    3599,    -324,    -528,     -50,      -6,    5053,    2290,   -1741,    1022,100.0,26.6,29.4,0.1,29.4,53.0,1.1,29.9,10.3,0.5,1.7,0.2,0.0,89.2,94.6,10.8,5.4,130,     11,      7,.,     21,     14,      7,     39,     26,     10,     10,.,.,91,60,35.9,73.6,50.7,81.2,35.8,73.5,50.7,81.0,"(CONTRACTS OF AUD 100,000)",232741,CME ,232,F10,FutOnly
EURO FX/BRITISH POUND XRATE - CHICAGO MERCANTILE EXCHANGE,260929,2026-09-29,299741,CME ,0,99,41138,0,24997,0,21566,5271,1098,5095,3570,0,0,0,0,27759,34936,13379,6202,     183,   -1203,      44,       0,    -351,      91,       0,     965,      34,       0,       0,       0,       0,    -589,     169,     772,      14,100.0,0.0,60.8,0.0,52.4,12.8,2.7,12.4,8.7,0.0,0.0,0.0,0.0,67.5,84.9,32.5,15.1,31,      0,      4,      0,     17,.,      4,.,      4,      0,      0,      0,      0,20,15,28.1,68.8,45.2,79.7,28.1,68.8,44.4,79.1,"(CONTRACTS OF EUR 125,000)",299741,CME ,99,F10,FutOnly
MEXICAN PESO - CHICAGO MERCANTILE EXCHANGE,260929,2026-09-29,095741,CME ,0,95,274821,69036,111464,0,86398,70147,1739,105511,24924,4852,1656,58261,0,269192,271387,5629,3434,    8760,   29090,   -3178,       0,  -24468,    4787,    -255,    4656,    3257,    1848,    -264,    1890,       0,   10607,    8349,   -1847,     411,100.0,25.1,40.6,0.0,31.4,25.5,0.6,38.4,9.1,1.8,0.6,21.2,0.0,98.0,98.8,2.0,1.2,182,     12,      6,      0,     36,     13,      5,     64,     30,     11,     11,      9,      0,128,70,31.5,76.5,46.6,84.1,31.5,76.5,46.6,83.6,"(CONTRACTS OF MXN 500,000)",095741,CME ,95,F15,FutOnly
BRAZILIAN REAL - CHICAGO MERCANTILE EXCHANGE,260929,2026-09-29,102741,CME ,0,102,146704,7611,67366,5515,68465,1450,349,37418,27865,20278,1982,22531,0,141618,145354,5086,1350,   29641,     485,    8147,    5515,    7653,     119,      -4,   -2131,    3233,   18709,     382,   -5849,    -412,   30197,   29458,    -556,     183,100.0,5.2,45.9,3.8,46.7,1.0,0.2,25.5,19.0,13.8,1.4,15.4,0.0,96.5,99.1,3.5,0.9,112,      6,      8,.,     24,      6,.,     37,     16,      6,      9,      5,      0,84,38,41.6,71.8,58.9,88.0,33.1,58.5,49.3,72.2,"(CONTRACTS OF BRL 100,000)",102741,CME ,102,F15,FutOnly
NZ DOLLAR - CHICAGO MERCANTILE EXCHANGE,260929,2026-09-29,112741,CME ,0,112,114777,64367,44739,121,10062,31290,5927,23076,24142,810,6154,1809,0,110517,108838,4260,5939,   13400,    8828,    2735,    -201,   -1437,    8306,   -1133,    5737,    2016,      51,    1196,     619,       0,   13041,   12393,     359,    1007,100.0,56.1,39.0,0.1,8.8,27.3,5.2,20.1,21.0,0.7,5.4,1.6,0.0,96.3,94.8,3.7,5.2,115,      8,.,.,     10,     22,      4,     23,     37,      9,      7,      5,      0,55,75,55.9,55.1,73.5,67.5,55.8,54.9,72.1,64.1,"(CONTRACTS OF NZD 100,000)",112741,CME ,112,F15,FutOnly
SO AFRICAN RAND - CHICAGO MERCANTILE EXCHANGE,260929,2026-09-29,122741,CME ,0,122,34978,1460,28790,0,21480,760,0,7994,3340,522,0,165,0,31456,33577,3522,1401,   -2871,     -10,   -1035,       0,   -1782,     331,       0,   -1428,   -2337,      -4,       0,       0,       0,   -3224,   -3045,     353,     174,100.0,4.2,82.3,0.0,61.4,2.2,0.0,22.9,9.5,1.5,0.0,0.5,0.0,89.9,96.0,10.1,4.0,50,.,      5,      0,     11,.,      0,     18,     10,.,      0,.,      0,33,19,56.5,83.4,69.7,89.8,56.5,83.2,69.7,88.9,"(CONTRACTS OF ZAR 500,000)",122741,CME ,122,F15,FutOnly
DJIA Consolidated - CHICAGO BOARD OF TRADE,260929,2026-09-29,12460+,CBT ,0,124,90051,41830,57732,740,18842,3931,2361,9443,14829,973,574,250,0,74762,80817,15289,9234,    1964,    2065,    1072,      43,   -1186,   -1880,      75,     -78,    1200,     767,      29,     250,       0,    1715,    1528,     249,     436,100.0,46.5,64.1,0.8,20.9,4.4,2.6,10.5,16.5,1.1,0.6,0.3,0.0,83.0,89.7,17.0,10.3,105,     14,     15,      4,     15,      8,      4,     23,     26,     14,.,.,      0,69,58,46.6,42.9,58.4,60.3,46.6,42.4,58.4,59.8,($5 X DJIA INDEX),12460+,CBT ,124,F20,FutOnly
DJIA x $5 - CHICAGO BOARD OF TRADE,260929,2026-09-29,124603,CBT ,0,124,88098,41754,57510,435,18842,3907,2361,9498,14954,382,543,250,0,73815,79799,14283,8299,      11,    1989,     850,    -262,   -1186,   -1904,      75,     -22,    1325,     176,      -2,     250,       0,     768,     510,    -757,    -499,100.0,47.4,65.3,0.5,21.4,4.4,2.7,10.8,17.0,0.4,0.6,0.3,0.0,83.8,90.6,16.2,9.4,93,     12,     15,.,     15,      7,      4,     21,     20,     10,.,.,      0,59,50,47.7,43.3,59.6,61.1,47.7,42.8,59.6,60.6,($5 X DJIA INDEX),124603,CBT ,124,F20,FutOnly
DOW JONES U.S. REAL ESTATE IDX - CHICAGO BOARD OF TRADE,260929,2026-09-29,124606,CBT ,0,124,66266,6739,42925,0,51590,8650,564,4274,12713,0,0,0,0,63167,64852,3099,1414,   -2536,    -981,   -1269,       0,     131,     547,   -1154,    -695,   -1149,       0,       0,       0,       0,   -2699,   -3025,     163,     489,100.0,10.2,64.8,0.0,77.9,13.1,0.9,6.4,19.2,0.0,0.0,0.0,0.0,95.3,97.9,4.7,2.1,52,      5,      7,      0,     26,      6,.,      4,      4,      0,      0,      0,      0,36,18,46.1,62.0,63.3,88.2,45.9,62.0,63.1,88.2,($100 X DJ US REAL ESTATE INDEX),124606,CBT ,124,F20,FutOnly
MICRO E-MINI DJIA (x$0.5) - CHICAGO BOARD OF TRADE,260929,2026-09-29,124608,CBT ,0,124,19531,3815,5275,0,0,243,0,5302,4610,49,305,0,0,9471,10177,10060,9354,.,.,.,.,.,.,.,.,.,.,.,.,.,.,.,.,.,100.0,19.5,27.0,0.0,0.0,1.2,0.0,27.1,23.6,0.3,1.6,0.0,0.0,48.5,52.1,51.5,47.9,20,      4,.,      0,      0,.,      0,      6,      7,.,.,      0,      0,13,10,35.3,44.5,43.7,50.9,35.3,44.5,43.6,50.7,($0.5 X DJIA INDEX),124608,CBT ,124,F20,FutOnly
S&P 500 Consolidated - CHICAGO MERCANTILE EXCHANGE,260929,2026-09-29,13874+,CME ,0,138,1909989,178986,787018,42347,1106843,200584,96280,126466,500473,48341,55473,87337,371,1655107,1762752,254882,147237,    6293,   11668,  -15785,     172,  -14238,   16174,    3079,    7000,    5391,   -4693,    5852,    8690,     -77,    8763,   12951,   -2470,   -6659,100.0,9.4,41.2,2.2,58.0,10.5,5.0,6.6,26.2,2.5,2.9,4.6,0.0,86.7,92.3,13.3,7.7,437,     41,     29,     14,    168,     39,     80,     55,     76,     51,     16,     12,      4,332,254,9.9,27.4,17.7,38.9,9.5,26.3,16.1,37.7,(S&P 500 INDEX X $50.00),13874+,CME ,138,F20,FutOnly
E-MINI S&P CONSU STAPLES INDEX - CHICAGO MERCANTILE EXCHANGE,260929,2026-09-29,138748,CME ,0,138,22150,11499,7452,0,5259,11051,166,1239,1092,0,0,0,0,18163,19761,3987,2389,    2683,    1216,    2117,       0,    -421,     644,     -36,    -449,       0,       0,       0,       0,       0,     310,    2725,    2373,     -42,100.0,51.9,33.6,0.0,23.7,49.9,0.7,5.6,4.9,0.0,0.0,0.0,0.0,82.0,89.2,18.0,10.8,24,      5,      5,      0,      7,      5,.,.,.,      0,      0,      0,      0,13,12,49.7,56.3,76.0,79.6,49.7,56.3,76.0,79.6,($100 x S&P Select Sector Consumer Staples Index price),138748,CME ,138,F20,FutOnly
E-MINI S&P ENERGY INDEX - CHICAGO MERCANTILE EXCHANGE,260929,2026-09-29,138749,CME ,0,138,28811,1918,23013,0,21419,1462,342,918,2366,453,0,0,0,25050,27636,3761,1175,    -985,      26,   -2439,       0,   -1240,     -58,       0,     271,    1337,       0,       0,       0,       0,    -943,   -1160,     -42,     175,100.0,6.7,79.9,0.0,74.3,5.1,1.2,3.2,8.2,1.6,0.0,0.0,0.0,86.9,95.9,13.1,4.1,38,      4,     10,      0,     14,.,.,.,      4,.,      0,      0,      0,23,17,56.4,53.4,68.2,77.3,56.4,53.4,68.2,75.8,($100 x S&P Select Sector Energy Index price),138749,CME ,138,F20,FutOnly
E-MINI S&P 500 - CHICAGO MERCANTILE EXCHANGE,260929,2026-09-29,13874A,CME ,0,138,1895922,178591,785579,42347,1104434,200431,96265,125453,497942,46125,55473,87217,371,1649059,1756277,246863,139645,    5269,   10459,  -16756,    1266,  -14221,   16231,    3185,    5320,    2235,   -3191,    5852,    8570,     -77,    8593,   11463,   -3324,   -6194,100.0,9.4,41.4,2.2,58.3,10.6,5.1,6.6,26.3,2.4,2.9,4.6,0.0,87.0,92.6,13.0,7.4,429,     39,     28,     14,    168,     38,     80,     51,     77,     49,     16,     11,      4,326,250,10.0,27.6,17.8,39.1,9.5,26.5,16.3,37.9,($50 X S&P 500 INDEX),13874A,CME ,138,F20,FutOnly
E-MINI S&P FINANCIAL INDEX - CHICAGO MERCANTILE EXCHANGE,260929,2026-09-29,13874C,CME ,0,138,61741,42275,55001,0,15846,200,0,1258,4489,0,0,0,0,59379,59690,2362,2051,     994,    1526,     406,       0,    -393,    -246,       0,      11,    -215,       0,       0,       0,       0,    1144,     -55,    -150,    1049,100.0,68.5,89.1,0.0,25.7,0.3,0.0,2.0,7.3,0.0,0.0,0.0,0.0,96.2,96.7,3.8,3.3,32,     11,      8,      0,      8,.,      0,.,.,      0,      0,      0,      0,21,11,60.3,77.2,81.9,94.0,60.3,77.2,81.9,94.0,($250 x S&P Select Sector Financial Index price),13874C,CME ,138,F20,FutOnly
E-MINI S&P HEALTH CARE INDEX - CHICAGO MERCANTILE EXCHANGE,260929,2026-09-29,13874E,CME ,0,138,14167,2600,10985,0,7438,1915,0,1454,0,0,0,0,0,11492,12900,2675,1267,     404,       0,     201,       0,     303,     131,       0,     262,       0,       0,       0,       0,       0,     565,     332,    -161,      72,100.0,18.4,77.5,0.0,52.5,13.5,0.0,10.3,0.0,0.0,0.0,0.0,0.0,81.1,91.1,18.9,8.9,26,.,      8,      0,      8,      5,      0,.,      0,      0,      0,      0,      0,13,13,50.3,52.7,70.6,77.9,50.3,52.7,70.6,77.9,($100 x S&P Select Sector Health Care Index price),13874E,CME ,138,F20,FutOnly
E-MINI S&P INDUSTRIAL INDEX - CHICAGO MERCANTILE EXCHANGE,260929,2026-09-29,13874F,CME ,0,138,12955,2046,9703,0,8160,1562,0,1617,870,0,0,0,0,11823,12135,1132,820,     163,     307,     291,       0,     357,       0,       0,     -25,    -293,       0,       0,       0,       0,     639,      -2,    -476,     165,100.0,15.8,74.9,0.0,63.0,12.1,0.0,12.5,6.7,0.0,0.0,0.0,0.0,91.3,93.7,8.7,6.3,27,      5,      7,      0,      8,.,      0,.,.,      0,      0,      0,      0,15,12,53.2,61.2,75.5,84.1,53.2,61.2,75.5,84.1,($100 x S&P Select Sector Industrial Index price),13874F,CME ,138,F20,FutOnly
E-MINI S&P TECHNOLOGY INDEX - CHICAGO MERCANTILE EXCHANGE,260929,2026-09-29,13874I,CME ,0,138,12952,1130,12362,0,8750,0,62,0,255,0,0,0,0,9942,12679,3010,273,       7,       0,     164,       0,    -573,       0,      37,    -274,      38,       0,       0,       0,       0,    -810,     239,     817,    -232,100.0,8.7,95.4,0.0,67.6,0.0,0.5,0.0,2.0,0.0,0.0,0.0,0.0,76.8,97.9,23.2,2.1,20,.,      8,      0,      9,      0,.,      0,.,      0,      0,      0,      0,11,10,52.2,79.6,70.0,95.4,52.2,79.6,69.6,95.4,($100 x S&P Select Sector Technology Index price),13874I,CME ,138,F20,FutOnly
E-MINI S&P UTILITIES INDEX - CHICAGO MERCANTILE EXCHANGE,260929,2026-09-29,13874J,CME ,0,138,27961,9406,14668,0,11650,10367,0,4124,1091,0,0,0,0,25180,26126,2781,1835,    -311,     199,    -539,       0,    -117,      18,       0,    -672,     248,       0,       0,       0,       0,    -590,    -273,     279,     -38,100.0,33.6,52.5,0.0,41.7,37.1,0.0,14.7,3.9,0.0,0.0,0.0,0.0,90.1,93.4,9.9,6.6,34,      4,      9,      0,      9,      5,      0,      4,.,      0,      0,      0,      0,17,17,55.3,57.6,74.0,79.1,55.3,57.6,74.0,79.1,($100 x S&P Select Sector Utilities Index price),13874J,CME ,138,F20,FutOnly
E-MINI S&P COMMUNICATION INDEX - CHICAGO MERCANTILE EXCHANGE,260929,2026-09-29,13874P,CME ,0,138,16703,2361,15852,0,12299,0,182,356,0,0,0,0,0,15198,16034,1505,669,    -229,     409,    -355,       0,     -50,       0,       0,    -624,       0,       0,       0,       0,       0,    -265,    -355,      36,     126,100.0,14.1,94.9,0.0,73.6,0.0,1.1,2.1,0.0,0.0,0.0,0.0,0.0,91.0,96.0,9.0,4.0,24,      4,      8,      0,     11,      0,.,.,      0,      0,      0,      0,      0,16,9,50.8,67.6,73.4,94.9,50.8,67.6,72.3,94.9,($250 x S&P Select Sector Communication Index),13874P,CME ,138,F20,FutOnly
MICRO E-MINI S&P 500 INDEX - CHICAGO MERCANTILE EXCHANGE,260929,2026-09-29,13874U,CME ,0,138,140669,3951,14391,0,24120,1560,123,30776,45957,1514,0,1200,0,60484,64745,80185,75924,   10236,    1147,   -1229,       0,    -137,    -539,   -1092,    1910,   16672,    -131,       0,    1200,       0,    1697,   14881,    8539,   -4645,100.0,2.8,10.2,0.0,17.1,1.1,0.1,21.9,32.7,1.1,0.0,0.9,0.0,43.0,46.0,57.0,54.0,29,.,.,      0,      8,.,.,      9,      6,      5,      0,.,      0,21,14,22.9,38.8,32.6,43.4,22.1,38.8,31.8,43.3,($5 X S&P 500 INDEX),13874U,CME ,138,F20,FutOnly
ADJUSTED INT RATE S&P 500 TOTL - CHICAGO MERCANTILE EXCHANGE,260929,2026-09-29,13874W,CME ,0,138,1007843,369699,217917,290423,0,202667,7300,164018,106685,165832,0,0,0,997272,990824,10571,17019,   29390,    3921,   -2046,   15117,       0,    4548,     850,      32,    1093,    8903,       0,       0,       0,   28823,   28465,     567,     925,100.0,36.7,21.6,28.8,0.0,20.1,0.7,16.3,10.6,16.5,0.0,0.0,0.0,99.0,98.3,1.0,1.7,74,     15,     19,     29,      0,      7,.,     12,     11,     26,      0,      0,      0,60,72,33.4,22.7,55.2,38.4,27.1,21.7,40.9,36.8,(S&P 500 TOTAL RETURN INDEX x $25),13874W,CME ,138,F20,FutOnly
NASDAQ-100 Consolidated - CHICAGO MERCANTILE EXCHANGE,260929,2026-09-29,20974+,CME ,0,209,283950,49637,103630,7006,109589,38788,4707,44814,78596,10218,11068,8269,0,237040,251212,46911,32738,  -14369,   -8457,   -9274,    1916,    2304,    4795,    -628,   -8111,   -9999,    1564,   -4609,    -216,      -4,  -16024,  -11847,    1655,   -2523,100.0,17.5,36.5,2.5,38.6,13.7,1.7,15.8,27.7,3.6,3.9,2.9,0.0,83.5,88.5,16.5,11.5,325,     31,     27,     14,     84,     29,     31,     58,     60,     26,     21,     13,      0,230,166,19.2,31.4,29.0,45.0,19.1,30.9,28.7,43.5,(NASDAQ 100 INDEX X $20),20974+,CME ,209,F20,FutOnly
NASDAQ MINI - CHICAGO MERCANTILE EXCHANGE,260929,2026-09-29,209742,CME ,0,209,270554,49079,107321,3041,108558,38814,4654,48150,72873,6073,11001,8124,0,230556,240900,39998,29654,  -15767,   -8433,   -8595,    1145,    2318,    4794,    -628,   -5883,  -11843,     919,   -4589,    -212,      -4,  -15155,  -14424,    -612,   -1343,100.0,18.1,39.7,1.1,40.1,14.3,1.7,17.8,26.9,2.2,4.1,3.0,0.0,85.2,89.0,14.8,11.0,282,     27,     24,      9,     78,     28,     27,     51,     47,     19,     17,      9,      0,197,140,20.1,32.9,30.5,46.2,20.0,32.5,30.1,45.7,(NASDAQ 100 STOCK INDEX X $20),209742,CME ,209,F20,FutOnly
MICRO E-MINI NASDAQ-100 INDEX - CHICAGO MERCANTILE EXCHANGE,260929,2026-09-29,209747,CME ,0,209,133964,45223,2726,12,10797,221,44,7505,98089,584,670,1447,0,64835,103123,69129,30841,   13980,    7466,     917,       2,    -138,       5,       3,  -15097,   25619,    -731,    -198,     -40,       0,   -8693,   25775,   22673,  -11795,100.0,33.8,2.0,0.0,8.1,0.2,0.0,5.6,73.2,0.4,0.5,1.1,0.0,48.4,77.0,51.6,23.0,65,      7,      6,.,     13,.,      6,     12,     17,      6,      4,      5,      0,44,35,35.7,65.2,40.2,70.7,35.7,65.1,40.2,70.6,(NASDAQ 100 STOCK INDEX x $2),209747,CME ,209,F20,FutOnly
RUSSELL E-MINI - CHICAGO MERCANTILE EXCHANGE,260929,2026-09-29,239742,CME ,0,239,428048,120936,43245,3536,151227,111459,29543,78186,192740,11977,2616,12749,0,398021,405249,30027,22799,   13001,    6988,    5041,    -520,    -630,   -7370,    2888,    2715,    9287,     940,   -1430,     520,       0,   10951,   10786,    2050,    2215,100.0,28.3,10.1,0.8,35.3,26.0,6.9,18.3,45.0,2.8,0.6,3.0,0.0,93.0,94.7,7.0,5.3,317,     28,     23,      9,     82,     50,     41,     39,     76,     18,      7,     12,      0,191,194,18.9,26.3,29.0,37.2,18.5,26.1,27.3,37.0,(RUSSEL 2000 INDEX X $50),239742,CME ,239,F20,FutOnly
EMINI RUSSELL 1000 VALUE INDEX - CHICAGO MERCANTILE EXCHANGE,260929,2026-09-29,239744,CME ,0,239,33025,13170,14915,0,17379,17356,0,0,0,0,0,0,0,30549,32271,2476,754,    -841,     -30,    -571,       0,    -768,    -298,       0,    -216,       0,       0,       0,       0,       0,   -1014,    -869,     173,      28,100.0,39.9,45.2,0.0,52.6,52.6,0.0,0.0,0.0,0.0,0.0,0.0,0.0,92.5,97.7,7.5,2.3,20,.,      5,      0,      7,      5,      0,      0,      0,      0,      0,      0,      0,10,10,83.8,90.1,91.0,96.2,83.8,90.1,91.0,96.2,(RUSSELL 1000 VALUE INDEX x $50),239744,CME ,239,F20,FutOnly
MICRO E-MINI RUSSELL 2000 INDX - CHICAGO MERCANTILE EXCHANGE,260929,2026-09-29,239747,CME ,0,239,53393,1659,4511,0,1853,0,0,37094,10890,443,1076,0,0,42125,15844,11268,37549,   19518,      52,    3752,       0,   -6269,       0,       0,   22764,    -117,     325,     226,       0,       0,   17098,    3960,    2420,   15558,100.0,3.1,8.4,0.0,3.5,0.0,0.0,69.5,20.4,0.8,2.0,0.0,0.0,78.9,29.7,21.1,70.3,26,.,.,      0,      5,      0,      0,     13,      4,      5,.,      0,      0,22,9,64.9,27.9,71.6,29.7,64.1,27.9,70.9,28.8,(RUSSEL 2000 INDEX X $0.5),239747,CME ,239,F20,FutOnly
RUSSELL 2000 ANNUAL DIVIDEND  - CHICAGO MERCANTILE EXCHANGE,260929,2026-09-29,239750,CME ,0,239,42672,603,32450,2536,720,0,0,38677,7685,0,0,0,0,42536,42671,136,1,      28,    -948,     688,    -201,     250,       0,       0,     928,    -330,       0,       0,       0,       0,      29,     157,      -1,    -129,100.0,1.4,76.0,5.9,1.7,0.0,0.0,90.6,18.0,0.0,0.0,0.0,0.0,99.7,100.0,0.3,0.0,21,.,      8,      5,.,      0,      0,      7,.,      0,      0,      0,      0,14,12,91.9,85.6,96.3,97.3,89.7,81.6,92.7,92.6,(RUSSEL 2000 INDEX X $100),239750,CME ,239,F20,FutOnly
NIKKEI STOCK AVERAGE YEN DENOM - CHICAGO MERCANTILE EXCHANGE,260929,2026-09-29,240743,CME ,0,240,23003,6379,6121,392,7238,977,190,3264,3577,10,0,0,0,17473,11267,5530,11736,    1029,    1491,      62,      87,    -108,     155,      93,     263,    1374,      -5,       0,       0,       0,    1821,    1766,    -792,    -737,100.0,27.7,26.6,1.7,31.5,4.2,0.8,14.2,15.6,0.0,0.0,0.0,0.0,76.0,49.0,24.0,51.0,39,     10,      7,.,      7,.,.,      6,      7,.,      0,      0,      0,27,18,37.1,25.2,51.0,38.0,37.1,24.1,51.0,35.9,(NIKKEI INDEX X JPY 500),240743,CME ,240,F20,FutOnly
MSCI EAFE  - ICE FUTURES U.S.,260929,2026-09-29,244041,ICUS,1,244,490633,27910,305760,37038,324637,66102,35174,45971,34707,2013,2310,1726,153,475206,482673,15427,7960,    3570,   -1316,  -10344,      36,   10087,    1341,     354,   -4901,   13018,    -666,    2310,       0,       0,    5904,    3739,   -2334,    -169,100.0,5.7,62.3,7.5,66.2,13.5,7.2,9.4,7.1,0.4,0.5,0.4,0.0,96.9,98.4,3.1,1.6,193,     11,     20,      9,     90,     26,     34,     23,     19,      8,.,.,.,145,100,24.2,38.3,38.1,55.7,19.8,31.5,31.9,48.7,(MSCI EAFE INDEX X $50),244041,ICUS,244,F20,FutOnly
MSCI EM INDEX - ICE FUTURES U.S.,260929,2026-09-29,244042,ICUS,1,244,1066077,68295,612496,9568,730931,224665,74037,123870,90971,9570,18281,35036,24,1034576,1056367,31501,9710,   29837,      49,    2834,     899,   21278,    5375,    2317,      17,   14630,    2087,    1484,     -47,       0,   28131,   28095,    1706,    1742,100.0,6.4,57.5,0.9,68.6,21.1,6.9,11.6,8.5,0.9,1.7,3.3,0.0,97.0,99.1,3.0,0.9,382,     26,     19,     10,    178,     48,     68,     53,     36,     22,     15,      7,.,308,175,14.6,39.1,23.5,53.9,14.6,39.1,23.5,53.8,(MSCI Emerging Markets Index x $50),244042,ICUS,244,F20,FutOnly
E-MINI S&P 400 STOCK INDEX - CHICAGO MERCANTILE EXCHANGE,260929,2026-09-29,33874A,CME ,0,138,45791,5623,19606,28,22221,13425,2295,6224,5250,78,0,328,0,36469,41010,9322,4781,    3517,    2313,    1295,     -16,     159,     608,     605,    -311,    1602,     -79,       0,       0,       0,    2671,    4015,     846,    -498,100.0,12.3,42.8,0.1,48.5,29.3,5.0,13.6,11.5,0.2,0.0,0.7,0.0,79.6,89.6,20.4,10.4,71,      6,      6,.,     27,     13,      9,     10,      8,.,      0,.,      0,50,33,25.6,45.0,38.6,62.2,25.4,44.9,38.3,61.4,(S&P 400 INDEX X $100),33874A,CME ,138,F20,FutOnly
S&P 500 ANNUAL DIVIDEND INDEX - CHICAGO MERCANTILE EXCHANGE,260929,2026-09-29,43874A,CME ,0,138,422632,46430,336472,21186,118104,6907,716,192216,16237,39913,200,0,0,418765,421431,3867,1201,    3302,     415,    3547,     305,     944,       0,      23,     534,   -1284,     787,       0,       0,       0,    3008,    3378,     294,     -76,100.0,11.0,79.6,5.0,27.9,1.6,0.2,45.5,3.8,9.4,0.0,0.0,0.0,99.1,99.7,0.9,0.3,84,     13,     16,     15,     15,.,.,     30,      8,     16,.,      0,      0,72,44,25.3,56.2,40.7,76.6,24.1,56.1,39.1,74.7,(S&P 500 ANNUAL DIVIDEND INDEX X $250),43874A,CME ,138,F20,FutOnly
S&P 500 QUARTERLY DIVIDEND IND - CHICAGO MERCANTILE EXCHANGE,260929,2026-09-29,43874Q,CME ,0,138,34763,5515,11143,2625,300,0,0,25786,20465,530,0,0,0,34756,34763,7,0,    1042,    -179,     -85,     586,       0,       0,       0,     775,     681,    -140,       0,       0,       0,    1042,    1042,       0,       0,100.0,15.9,32.1,7.6,0.9,0.0,0.0,74.2,58.9,1.5,0.0,0.0,0.0,100.0,100.0,0.0,0.0,31,      8,      7,      7,.,      0,      0,      6,      9,.,      0,      0,      0,20,20,78.8,65.1,93.4,86.7,75.0,63.5,87.9,83.1,(S&P 500 QUARTERLY DIVIDEND INDEX X $1000),43874Q,CME ,138,F20,FutOnly
UST BOND - CHICAGO BOARD OF TRADE,260929,2026-09-29,020601,CBT ,0,20,1879173,41114,221913,32294,1111551,674595,223540,159474,410869,23703,43698,127027,2312,1637686,1716253,241487,162920,   -8691,    8418,  -61744,   15669,    9851,  -13489,    4822,  -41560,   47783,  -14788,   -4220,   13068,     347,  -21461,   -8332,   12770,    -359,100.0,2.2,11.8,1.7,59.2,35.9,11.9,8.5,21.9,1.3,2.3,6.8,0.1,87.1,91.3,12.9,8.7,256,     12,     21,      6,     86,     36,     68,     39,     42,     20,     11,      9,.,187,164,20.7,39.4,32.1,49.9,20.1,36.1,30.7,46.6,"(CONTRACTS OF $100,000 FACE VALUE)",020601,CBT ,20,F30,FutOnly
ULTRA UST BOND - CHICAGO BOARD OF TRADE,260929,2026-09-29,020604,CBT ,0,20,2507580,23114,122158,82226,1564688,731476,426008,85388,894258,39831,76836,37158,31,2298122,2333146,209458,174434,   31383,    3497,  -71166,   35834,  -30372,   68743,   19074,  -14882,  -30355,   24082,   -5473,    2093,       0,   31760,   48305,    -377,  -16922,100.0,0.9,4.9,3.3,62.4,29.2,17.0,3.4,35.7,1.6,3.1,1.5,0.0,91.6,93.0,8.4,7.0,229,      5,     17,.,     90,     46,     69,     21,     35,     19,      8,      7,.,162,159,30.8,36.5,43.2,51.6,27.2,36.4,36.5,45.4,"(CONTRACTS OF $100,000 FACE VALUE)",020604,CBT ,20,F30,FutOnly
UST 2Y NOTE - CHICAGO BOARD OF TRADE,260929,2026-09-29,042601,CBT ,0,42,4530145,92854,684350,28730,2358881,720403,557531,725857,1891837,216621,334464,255473,931,4315869,4355876,214276,174269,   -9229,  -19699,   48337,   -7331,  -45620,   85987,   -6722,     335, -184425,   51664,   36089,   16035,     461,    9177,    4006,  -18406,  -13235,100.0,2.0,15.1,0.6,52.1,15.9,12.3,16.0,41.8,4.8,7.4,5.6,0.0,95.3,96.2,4.7,3.8,488,     21,     49,      9,    158,     57,    106,     62,     89,     46,     29,     23,.,326,325,24.2,16.9,33.0,27.5,20.4,16.7,28.2,26.3,"(CONTRACTS OF $200,000 FACE VALUE)",042601,CBT ,42,F30,FutOnly
UST 10Y NOTE - CHICAGO BOARD OF TRADE,260929,2026-09-29,043602,CBT ,0,43,5676556,92958,829543,14784,3506513,729982,723861,510579,2547011,119447,262889,315176,75,5231106,5279879,445450,396677,  268830,  -37606,  118305,   -7203,  187929,  -57218,    5661,   42010,  151495,  -25720,   40407,   83214,       0,  205478,  268534,   63352,     296,100.0,1.6,14.6,0.3,61.8,12.9,12.8,9.0,44.9,2.1,4.6,5.6,0.0,92.2,93.0,7.8,7.0,441,     20,     39,     10,    134,     64,    101,     61,     86,     46,     24,     13,.,314,285,32.7,17.1,42.3,26.3,29.3,16.7,38.1,24.9,"(CONTRACTS OF $100,000 FACE VALUE)",043602,CBT ,43,F30,FutOnly
ULTRA UST 10Y - CHICAGO BOARD OF TRADE,260929,2026-09-29,043607,CBT ,0,43,2580149,85705,393694,4935,1250644,554413,597748,174385,502856,30089,198856,196764,2350,2344712,2282849,235437,297300,   -7291,    6880,   26329,   -3051,    9915,   40204,  -31920,   11803,  -55404,   -6179,   -2203,   10014,    2350,  -12405,  -17657,    5114,   10366,100.0,3.3,15.3,0.2,48.5,21.5,23.2,6.8,19.5,1.2,7.7,7.6,0.1,90.9,88.5,9.1,11.5,238,     11,     15,      6,     68,     63,     68,     21,     39,     18,      9,     12,.,164,167,24.6,25.1,37.7,35.9,15.5,19.5,26.0,26.5,"(CONTRACTS OF $100,000 FACE VALUE)",043607,CBT ,43,F30,FutOnly
MICRO 10 YEAR YIELD - CHICAGO BOARD OF TRADE,260929,2026-09-29,04360Y,CBT ,0,43,4745,0,0,0,0,0,0,3260,453,640,383,1675,30,4313,2798,432,1947,    1472,       0,       0,       0,       0,       0,       0,     823,    -143,     543,      92,     643,      30,    1488,    1073,     -16,     399,100.0,0.0,0.0,0.0,0.0,0.0,0.0,68.7,9.5,13.5,8.1,35.3,0.6,90.9,59.0,9.1,41.0,34,      0,      0,      0,      0,      0,      0,.,      4,.,      7,     21,.,10,26,86.1,31.2,89.7,41.7,73.0,20.7,76.2,29.9,(1000 x Index Points),04360Y,CBT ,43,F30,FutOnly
UST 5Y NOTE - CHICAGO BOARD OF TRADE,260929,2026-09-29,044601,CBT ,0,44,6789241,79769,1059851,35201,4058109,1206430,974337,662168,2647955,277436,283674,210297,1195,6371889,6412702,417352,376539,  189504,  -16236,   30530,   -6210,  183559,   48817,    8311,   12765,  140490,  -79805,   79783,   40016,       0,  182167,  182149,    7337,    7355,100.0,1.2,15.6,0.5,59.8,17.8,14.4,9.8,39.0,4.1,4.2,3.1,0.0,93.9,94.5,6.1,5.5,473,     11,     46,     10,    156,     64,    107,     68,     88,     45,     24,     16,      4,322,317,30.2,17.8,38.1,27.8,28.8,17.0,34.6,26.2,"(CONTRACTS OF $100,000 FACE VALUE)",044601,CBT ,44,F30,FutOnly
FED FUNDS - CHICAGO BOARD OF TRADE,260929,2026-09-29,045601,CBT ,0,45,2578047,526894,617799,617039,50368,79509,138169,610950,530697,553498,26545,51,6361,2529824,2543123,48223,34924,   59635,   49467,   53857,   -2188,    3969,  -39119,   19451,   47093,   83387,  -26828,    -348,      51,   -3806,   86810,   84805,  -27175,  -25170,100.0,20.4,24.0,23.9,2.0,3.1,5.4,23.7,20.6,21.5,1.0,0.0,0.2,98.1,98.6,1.9,1.4,178,     36,     29,     56,      7,      7,      9,     51,     36,     58,     11,.,.,158,146,27.7,25.4,40.7,40.6,19.0,15.6,27.3,24.7,"(CONTRACTS OF $5,000,000)",045601,CBT ,45,F33,FutOnly
EURO SHORT TERM RATE - CHICAGO MERCANTILE EXCHANGE,260929,2026-09-29,047745,CME ,0,47,20393,17272,4428,1112,0,0,0,0,13420,1415,500,0,0,20299,20375,94,18,     888,     282,    1192,     400,       0,       0,       0,       0,    -904,     214,       0,       0,       0,     896,     902,      -8,     -14,100.0,84.7,21.7,5.5,0.0,0.0,0.0,0.0,65.8,6.9,2.5,0.0,0.0,99.5,99.9,0.5,0.1,24,      6,      9,      6,      0,      0,      0,      0,      8,      5,.,      0,      0,15,20,87.0,69.7,95.4,88.0,84.8,64.5,87.1,79.5,"(2,500 X CONTRACT GRADE IMM INDEX)",047745,CME ,47,F33,FutOnly
SOFR-3M - CHICAGO MERCANTILE EXCHANGE,260929,2026-09-29,134741,CME ,0,134,12455877,4502346,1541815,2015638,1245132,1819719,697994,1027128,3437471,2659995,241871,212639,39016,12429120,12424287,26757,31590,  225381,  -22246,  169413,   99580,  143892,   36319,   10681,   54239,   19596, -114817,   54562,   -2815,   -4500,  221391,  213457,    3990,   11924,100.0,36.1,12.4,16.2,10.0,14.6,5.6,8.2,27.6,21.4,1.9,1.7,0.3,99.8,99.7,0.2,0.3,887,     84,     95,    134,     49,     86,     54,    107,    184,    172,    162,     76,     52,655,644,17.8,17.2,28.9,27.8,15.9,12.0,24.6,19.1,"($2,500 x Contract IMM Index)",134741,CME ,134,F33,FutOnly
SOFR-1M - CHICAGO MERCANTILE EXCHANGE,260929,2026-09-29,134742,CME ,0,134,1422076,565573,221211,229380,80101,55348,36386,170300,531597,330914,6649,16745,179,1419482,1421760,2594,316,  119421,   29362,    7833,   -1660,    3666,    6140,    1716,   65002,   86602,   19195,     -65,    -214,     -26,  117190,  119586,    2231,    -165,100.0,39.8,15.6,16.1,5.6,3.9,2.6,12.0,37.4,23.3,0.5,1.2,0.0,99.8,100.0,0.2,0.0,209,     45,     46,     66,.,     12,      8,     29,     56,     56,      8,     10,.,153,187,26.0,29.0,43.2,39.8,22.0,23.0,34.3,29.2,"($4,167 x Contract IMM Index)",134742,CME ,134,F33,FutOnly
SOFR-3M - FMX FUTURES EXCHANGE,260929,2026-09-29,134FM1,FNFT,1,134,154665,82110,83283,47763,0,0,0,5150,3860,19559,0,119,6,154588,154590,77,75,.,.,.,.,.,.,.,.,.,.,.,.,.,.,.,.,.,100.0,53.1,53.8,30.9,0.0,0.0,0.0,3.3,2.5,12.6,0.0,0.1,0.0,100.0,100.0,0.0,0.0,20,      7,.,      9,      0,      0,      0,.,      7,      8,      0,.,.,19,19,64.4,71.9,90.5,91.5,47.6,55.1,56.0,56.3,"($2,500 x Contract IMM Index)",134FM1,FNFT,134,F33,FutOnly
BBG COMMODITY - CHICAGO BOARD OF TRADE,260929,2026-09-29,221602,CBT ,0,221,198088,68098,186997,0,113475,1347,2282,12936,7400,23,818,0,0,197632,198049,456,39,    5919,       8,   11989,       0,   11987,     -60,   -4881,   -1335,    -933,       0,     270,       0,       0,    6049,    6115,    -130,    -196,100.0,34.4,94.4,0.0,57.3,0.7,1.2,6.5,3.7,0.0,0.4,0.0,0.0,99.8,100.0,0.2,0.0,78,      7,      5,      0,     30,      4,.,     15,      6,.,     11,      0,      0,63,17,65.9,91.6,79.7,97.8,65.7,91.6,78.5,97.3,($100 X INDEX),221602,CBT ,221,F40,FutOnly
BLOOMBERG IG CREDIT FUTURES - CHICAGO BOARD OF TRADE,260929,2026-09-29,221606,CBT ,0,221,5998,0,177,0,1333,4366,0,4628,1400,0,0,0,0,5961,5943,37,55,    -113,       0,     -56,       0,       0,       0,       0,    -111,     -58,       0,       0,       0,       0,    -111,    -114,      -2,       1,100.0,0.0,3.0,0.0,22.2,72.8,0.0,77.2,23.3,0.0,0.0,0.0,0.0,99.4,99.1,0.6,0.9,22,      0,.,      0,      5,.,      0,      6,      5,      0,      0,      0,      0,11,11,79.9,88.8,96.4,97.1,79.9,88.8,96.4,97.1,($30 X INDEX),221606,CBT ,221,F40,FutOnly
BLOOMBERG IG DURATION-HEDGED  - CHICAGO BOARD OF TRADE,260929,2026-09-29,221607,CBT ,0,221,2465,164,0,0,715,846,54,1439,1373,0,65,140,0,2437,2413,28,52,    -152,       0,       0,       0,      10,     -28,      28,    -239,    -130,       0,      65,     100,       0,    -136,     -30,     -16,    -122,100.0,6.7,0.0,0.0,29.0,34.3,2.2,58.4,55.7,0.0,2.6,5.7,0.0,98.9,97.9,1.1,2.1,22,.,      0,      0,.,      5,.,      4,      8,      0,.,.,      0,8,15,86.2,65.6,98.9,86.1,86.2,63.4,96.7,83.9,(500 X INDEX POINTS),221607,CBT ,221,F40,FutOnly
2 YEAR ERIS SOFR SWAP - CHICAGO BOARD OF TRADE,260929,2026-09-29,342603,CBT ,0,342,223800,66548,1530,15262,0,79654,0,116149,23899,24941,868,78482,30,223798,223798,2,2,  -35934,    -543,    -100,       0,       0,  -42917,       0,  -35060,    1423,     -72,    -259,    5736,       0,  -35934,  -35930,       0,      -4,100.0,29.7,0.7,6.8,0.0,35.6,0.0,51.9,10.7,11.1,0.4,35.1,0.0,100.0,100.0,0.0,0.0,50,      7,.,.,      0,      7,      0,      4,      7,.,      4,     20,.,16,40,93.4,64.8,99.4,81.5,78.4,60.4,81.5,71.1,"(100,000 USD notional principal)",342603,CBT ,342,F50,FutOnly
10 YEAR ERIS SOFR SWAP - CHICAGO BOARD OF TRADE,260929,2026-09-29,343603,CBT ,0,343,201727,23536,8968,41680,8368,11558,25,6648,78672,29702,91656,30985,112,201727,201702,0,25,  -49667,   -1168,   -8779,       0,   -9800,     211,      25,     591,  -46547,     100,  -39410,    5323,       0,  -49662,  -49667,      -5,       0,100.0,11.7,4.4,20.7,4.1,5.7,0.0,3.3,39.0,14.7,45.4,15.4,0.1,100.0,100.0,0.0,0.0,60,      6,      5,      4,      4,      8,.,      4,      7,.,     20,      6,.,39,29,51.3,77.3,70.1,96.9,33.8,57.5,47.5,62.5,"(100,000 USD notional principal)",343603,CBT ,343,F50,FutOnly
5 YEAR ERIS SOFR SWAP - CHICAGO BOARD OF TRADE,260929,2026-09-29,344605,CBT ,0,344,196681,43374,7974,21228,413,49594,0,48703,29490,41375,41539,46921,26,196658,196608,23,73,     129,   15958,    3746,   -8868,  -11000,    3878,       0,   14969,   -1656,    1532,  -12466,    1548,       0,     125,     180,       4,     -51,100.0,22.1,4.1,10.8,0.2,25.2,0.0,24.8,15.0,21.0,21.1,23.9,0.0,100.0,100.0,0.0,0.0,72,      6,      4,      4,.,     11,      0,      5,     10,.,     11,     24,.,26,53,67.7,46.5,85.8,65.8,47.6,32.1,58.5,45.0,"(100,000 USD notional principal)",344605,CBT ,344,F50,FutOnly
3 YEAR ERIS SOFR SWAP - CHICAGO BOARD OF TRADE,260929,2026-09-29,344606,CBT ,0,344,96268,36385,25327,5853,0,36010,0,38476,3693,11542,4000,13818,0,96256,96243,12,25,     421,       0,       0,       0,       0,       0,       0,     921,     -23,      -2,    -500,     441,       0,     419,     416,       2,       5,100.0,37.8,26.3,6.1,0.0,37.4,0.0,40.0,3.8,12.0,4.2,14.4,0.0,100.0,100.0,0.0,0.0,30,.,.,.,      0,      4,      0,.,      4,.,.,     14,      0,6,28,87.0,66.4,100.0,86.4,74.7,64.0,81.9,74.5,"100,000 USD notional principal",344606,CBT ,344,F50,FutOnly
7 YEAR ERIS SOFR SWAP - CHICAGO BOARD OF TRADE,260929,2026-09-29,344607,CBT ,0,344,31402,3254,4663,2820,0,4726,0,14564,1035,10589,175,7553,0,31402,31386,0,16,    -799,    -122,    4378,     122,       0,       0,       0,    6532,     269,    -841,    -200,    1573,       0,    5491,    5501,   -6290,   -6300,100.0,10.4,14.8,9.0,0.0,15.0,0.0,46.4,3.3,33.7,0.6,24.1,0.0,100.0,99.9,0.0,0.1,22,.,.,.,      0,.,      0,.,.,.,.,      9,      0,6,21,97.9,64.9,100.0,91.1,57.3,43.2,57.3,53.3,"100,000 USD notional principal",344607,CBT ,344,F50,FutOnly
"LITECOIN PERP STYLE - COINBASE DERIVATIVES, LLC",260929,2026-09-29,167LM1,FREX,0,180,5538,0,0,0,0,0,0,1530,4894,0,3180,344,0,4710,5238,828,300,    2260,       0,       0,       0,       0,       0,       0,    1530,    2361,       0,     809,    -252,       0,    2339,    2109,     -79,     151,100.0,0.0,0.0,0.0,0.0,0.0,0.0,27.6,88.4,0.0,57.4,6.2,0.0,85.0,94.6,15.0,5.4,53,      0,      0,      0,      0,      0,      0,.,      4,      0,     41,      5,      0,44,9,37.0,90.7,50.0,94.1,37.0,90.7,50.0,94.1,(5 Litecoin),167LM1,FREX,180,F84,FutOnly
"POLKADOT PERP STYLE - COINBASE DERIVATIVES, LLC",260929,2026-09-29,169LM2,FREX,0,180,6156,0,0,0,0,0,0,3392,5613,0,2263,421,0,5655,6034,501,122,     625,       0,       0,       0,       0,       0,       0,     197,     659,       0,     503,     -56,       0,     700,     603,     -75,      22,100.0,0.0,0.0,0.0,0.0,0.0,0.0,55.1,91.2,0.0,36.8,6.8,0.0,91.9,98.0,8.1,2.0,44,      0,      0,      0,      0,      0,      0,.,      5,      0,     30,      6,      0,33,11,59.8,93.9,68.5,96.7,59.8,93.9,68.5,96.7,(100 Polkadot),169LM2,FREX,180,F84,FutOnly
"CHAINLINK PERP STYLE - COINBASE DERIVATIVES, LLC",260929,2026-09-29,170LM2,FREX,0,180,5168,0,0,0,0,0,0,68,3924,0,3557,871,0,3625,4795,1543,373,     327,       0,       0,       0,       0,       0,       0,     -18,     111,       0,      57,      94,       0,      39,     205,     288,     122,100.0,0.0,0.0,0.0,0.0,0.0,0.0,1.3,75.9,0.0,68.8,16.9,0.0,70.1,92.8,29.9,7.2,85,      0,      0,      0,      0,      0,      0,.,     10,      0,     59,     15,      0,60,25,9.4,62.6,17.3,75.5,9.4,62.6,17.3,75.5,(50 Chainlink),170LM2,FREX,180,F84,FutOnly
"AVALANCHE - COINBASE DERIVATIVES, LLC",260929,2026-09-29,171LM1,FREX,0,180,5109,0,0,0,0,0,0,3869,4139,193,921,725,0,4983,5057,126,52,   -1785,       0,       0,       0,       0,       0,       0,   -1050,    -819,    -458,    -239,    -472,       0,   -1747,   -1749,     -38,     -36,100.0,0.0,0.0,0.0,0.0,0.0,0.0,75.7,81.0,3.8,18.0,14.2,0.0,97.5,99.0,2.5,1.0,25,      0,      0,      0,      0,      0,      0,      4,      5,.,     10,      6,      0,15,13,84.7,82.1,92.2,93.8,83.3,80.2,89.8,91.9,(10 Avalanche x $30 = $300),171LM1,FREX,180,F84,FutOnly
"AVALANCHE PERP STYLE - COINBASE DERIVATIVES, LLC",260929,2026-09-29,171LM2,FREX,0,180,14205,0,0,0,0,0,0,1254,12111,0,11195,1732,0,12449,13843,1756,362,     567,       0,       0,       0,       0,       0,       0,     -10,    1626,       0,     226,    -882,       0,     216,     744,     351,    -177,100.0,0.0,0.0,0.0,0.0,0.0,0.0,8.8,85.3,0.0,78.8,12.2,0.0,87.6,97.5,12.4,2.5,130,      0,      0,      0,      0,      0,      0,.,      6,      0,    102,     19,      0,105,25,14.4,86.8,22.8,90.6,14.4,86.8,22.8,90.6,(10 Avalanche),171LM2,FREX,180,F84,FutOnly
"1K SHIB PERP - COINBASE DERIVATIVES, LLC",260929,2026-09-29,172LM2,FREX,0,180,3861,0,0,0,0,0,0,1758,3561,0,1331,189,0,3089,3750,772,111,      44,       0,       0,       0,       0,       0,       0,    -107,     137,       0,     158,     -70,       0,      51,      67,      -7,     -23,100.0,0.0,0.0,0.0,0.0,0.0,0.0,45.5,92.2,0.0,34.5,4.9,0.0,80.0,97.1,20.0,2.9,32,      0,      0,      0,      0,      0,      0,.,      4,      0,     22,.,      0,25,7,49.0,94.4,59.8,97.1,49.0,94.4,59.8,97.1,"(10,000 x 1k Shib Index)",172LM2,FREX,180,F84,FutOnly
"STELLAR PERP STYLE - COINBASE DERIVATIVES, LLC",260929,2026-09-29,173LM2,FREX,0,180,4139,0,0,0,0,0,0,592,3514,0,2127,399,0,2719,3913,1420,226,      43,       0,       0,       0,       0,       0,       0,    -373,     195,       0,     212,    -158,       0,    -161,      37,     204,       6,100.0,0.0,0.0,0.0,0.0,0.0,0.0,14.3,84.9,0.0,51.4,9.6,0.0,65.7,94.5,34.3,5.5,51,      0,      0,      0,      0,      0,      0,.,      5,      0,     38,      5,      0,41,10,17.9,84.7,27.5,92.1,17.9,84.7,27.5,92.1,(5000 Stellar),173LM2,FREX,180,F84,FutOnly
"SUI - COINBASE DERIVATIVES, LLC",260929,2026-09-29,180LM2,FREX,0,180,35197,33100,0,0,0,0,0,1548,34828,92,312,170,0,35052,35090,145,107,.,.,.,.,.,.,.,.,.,.,.,.,.,.,.,.,.,100.0,94.0,0.0,0.0,0.0,0.0,0.0,4.4,99.0,0.3,0.9,0.5,0.0,99.6,99.7,0.4,0.3,22,.,      0,      0,      0,      0,      0,.,      7,.,      7,.,      0,13,11,98.5,85.0,99.1,99.3,98.5,84.8,99.0,99.1,(500 x SUI),180LM2,FREX,180,F84,FutOnly
"SUI PERP STYLE - COINBASE DERIVATIVES, LLC",260929,2026-09-29,180LM3,FREX,0,180,6214,0,0,0,0,0,0,544,5081,0,3760,778,0,4304,5859,1910,355,    -346,       0,       0,       0,       0,       0,       0,    -901,    -477,       0,     310,     136,       0,    -591,    -341,     245,      -5,100.0,0.0,0.0,0.0,0.0,0.0,0.0,8.8,81.8,0.0,60.5,12.5,0.0,69.3,94.3,30.7,5.7,88,      0,      0,      0,      0,      0,      0,.,      7,      0,     66,     12,      0,69,19,11.9,77.8,18.3,85.4,11.9,77.8,18.3,85.4,(500 x SUI),180LM3,FREX,180,F84,FutOnly
"HEDERA PERP STYLE - COINBASE DERIVATIVES, LLC",260929,2026-09-29,180LM4,FREX,0,180,3143,0,0,0,0,0,0,54,2346,0,1835,559,0,1889,2905,1254,238,     295,       0,       0,       0,       0,       0,       0,    -200,     293,       0,     154,     -29,       0,     -46,     264,     341,      31,100.0,0.0,0.0,0.0,0.0,0.0,0.0,1.7,74.6,0.0,58.4,17.8,0.0,60.1,92.4,39.9,7.6,56,      0,      0,      0,      0,      0,      0,.,      6,      0,     39,     10,      0,40,16,9.9,72.0,19.2,81.0,9.9,72.0,19.2,81.0,(5000 Hedera),180LM4,FREX,180,F84,FutOnly
"NEAR PROTOCAL PERP STYLE - COINBASE DERIVATIVES, LLC",260929,2026-09-29,180LM7,FREX,0,180,3904,0,0,0,0,0,0,1085,2876,0,1630,408,0,2715,3284,1189,620,     876,       0,       0,       0,       0,       0,       0,     601,     797,       0,      76,     -34,       0,     677,     763,     199,     113,100.0,0.0,0.0,0.0,0.0,0.0,0.0,27.8,73.7,0.0,41.8,10.5,0.0,69.5,84.1,30.5,15.9,44,      0,      0,      0,      0,      0,      0,.,      4,      0,     31,      8,      0,32,12,35.5,76.7,44.7,81.0,35.5,76.7,44.7,81.0,(500 NER),180LM7,FREX,180,F84,FutOnly
"ONDO PERP STYLE - COINBASE DERIVATIVES, LLC",260929,2026-09-29,180LM8,FREX,0,180,5572,0,0,0,0,0,0,280,4870,0,3572,454,0,3852,5324,1720,248,     490,       0,       0,       0,       0,       0,       0,    -151,     431,       0,     139,     -39,       0,     -12,     392,     502,      98,100.0,0.0,0.0,0.0,0.0,0.0,0.0,5.0,87.4,0.0,64.1,8.1,0.0,69.1,95.5,30.9,4.5,76,      0,      0,      0,      0,      0,      0,.,      4,      0,     63,      7,      0,65,11,9.2,88.3,16.4,93.7,9.2,88.3,16.4,93.7,"(1,000 ONDO)",180LM8,FREX,180,F84,FutOnly
"PAX GOLD PERP STYLE - COINBASE DERIVATIVES, LLC",260929,2026-09-29,180LM9,FREX,0,180,1512,0,0,0,0,0,0,388,1010,0,394,391,0,782,1401,730,111,     202,       0,       0,       0,       0,       0,       0,     132,     187,       0,    -168,      69,       0,     -36,     256,     238,     -54,100.0,0.0,0.0,0.0,0.0,0.0,0.0,25.7,66.8,0.0,26.1,25.9,0.0,51.7,92.7,48.3,7.3,20,      0,      0,      0,      0,      0,      0,.,.,      0,     10,      7,      0,11,9,37.2,76.1,46.3,90.9,37.2,76.1,46.3,90.9,(1 PAX Gold),180LM9,FREX,180,F84,FutOnly
"ZCASH PERP STYLE - COINBASE DERIVATIVES, LLC",260929,2026-09-29,180LMB,FREX,0,180,8234,0,995,0,0,0,0,0,3179,0,6042,2104,0,6042,6278,2192,1956,     591,       0,     995,       0,       0,       0,       0,    -516,    2763,       0,     487,   -2419,       0,     -29,    1339,     620,    -748,100.0,0.0,12.1,0.0,0.0,0.0,0.0,0.0,38.6,0.0,73.4,25.6,0.0,73.4,76.2,26.6,23.8,104,      0,.,      0,      0,      0,      0,      0,      5,      0,     74,     24,      0,74,30,19.4,53.7,31.3,61.4,19.4,53.7,31.3,61.4,(1 Zcash),180LMB,FREX,180,F84,FutOnly
BITCOIN - CHICAGO MERCANTILE EXCHANGE,260929,2026-09-29,133741,CME ,0,133,19596,6892,4212,426,5069,1483,297,4980,11836,538,285,0,0,18487,18792,1109,804,   -2719,    -243,     724,     208,     107,    -308,     -47,     235,    -862,   -2187,    -596,     -99,     -21,   -2544,   -2592,    -175,    -127,100.0,35.2,21.5,2.2,25.9,7.6,1.5,25.4,60.4,2.7,1.5,0.0,0.0,94.3,95.9,5.7,4.1,106,      9,     12,.,      9,      5,      4,     28,     37,     11,      4,      0,      0,61,63,67.3,30.5,73.9,53.7,66.3,29.9,72.7,52.1,(5 Bitcoins),133741,CME ,133,F85,FutOnly
MICRO BITCOIN - CHICAGO MERCANTILE EXCHANGE,260929,2026-09-29,133742,CME ,0,133,26320,1256,417,0,2258,67,0,9896,21256,524,6518,2344,6,20458,24614,5862,1706,   -9277,    -639,   -5559,      -3,     381,    -248,       0,   -4946,     261,   -2798,    -163,    -109,    -252,   -8420,   -8708,    -857,    -569,100.0,4.8,1.6,0.0,8.6,0.3,0.0,37.6,80.8,2.0,24.8,8.9,0.0,77.7,93.5,22.3,6.5,190,      7,.,      0,      8,.,      0,     43,     18,      5,     83,     27,.,145,51,24.1,74.4,33.0,80.8,24.1,73.6,33.0,79.8,(Bitcoin X $0.10),133742,CME ,133,F85,FutOnly
"Nano Bitcoin  - COINBASE DERIVATIVES, LLC",260929,2026-09-29,133LM1,FREX,0,133,114348,136,0,0,0,8000,0,102475,92838,59,10676,4771,0,113346,105668,1002,8680,  -66588,     136,       0,       0,       0,       0,       0,  -62146,  -69188,   -1631,   -2856,    -981,       0,  -66497,  -71800,     -91,    5212,100.0,0.1,0.0,0.0,0.0,7.0,0.0,89.6,81.2,0.1,9.3,4.2,0.0,99.1,92.4,0.9,7.6,107,.,      0,      0,      0,.,      0,      7,     11,.,     65,     22,      0,75,34,92.6,78.6,94.2,87.9,92.6,78.6,94.2,87.9,(1/100 X Bitcoin = $300),133LM1,FREX,133,F85,FutOnly
"NANO BITCOIN PERP STYLE - COINBASE DERIVATIVES, LLC",260929,2026-09-29,133LM4,FREX,0,133,158766,1500,66,0,0,0,0,17742,57792,0,122476,88766,0,141718,146624,17048,12142,  -67654,     700,       0,       0,       0,       0,       0,  -96793,  -32391,       0,   25256,  -31579,       0,  -70837,  -63970,    3183,   -3684,100.0,0.9,0.0,0.0,0.0,0.0,0.0,11.2,36.4,0.0,77.1,55.9,0.0,89.3,92.4,10.7,7.6,1144,.,.,      0,      0,      0,      0,      9,     14,      0,    701,    418,      0,711,433,16.4,36.8,23.0,44.7,16.4,36.8,23.0,44.7,(1/100 X Bitcoin),133LM4,FREX,133,F85,FutOnly
"BITCOIN CASH PERP STYLE - COINBASE DERIVATIVES, LLC",260929,2026-09-29,133LM5,FREX,0,133,2315,0,0,0,0,0,0,33,1782,0,1892,357,0,1925,2139,390,176,    -717,       0,       0,       0,       0,       0,       0,     -33,     344,       0,    -616,    -884,       0,    -649,    -540,     -68,    -177,100.0,0.0,0.0,0.0,0.0,0.0,0.0,1.4,77.0,0.0,81.7,15.4,0.0,83.2,92.4,16.8,7.6,25,      0,      0,      0,      0,      0,      0,.,      4,      0,     17,.,      0,18,7,34.6,83.5,59.8,92.4,34.6,83.5,59.8,92.4,(1 Bitcoin),133LM5,FREX,133,F85,FutOnly
ETHER CASH SETTLED - CHICAGO MERCANTILE EXCHANGE,260929,2026-09-29,146021,CME ,0,146,27392,20123,10238,417,1739,2936,480,3387,11470,195,87,1211,0,26428,26947,964,445,   -2593,   -1642,     845,    -168,     -98,    -393,      62,     784,   -1750,   -1188,     -92,      13,       0,   -2342,   -2579,    -251,     -14,100.0,73.5,37.4,1.5,6.3,10.7,1.8,12.4,41.9,0.7,0.3,4.4,0.0,96.5,98.4,3.5,1.6,84,      5,      8,.,      7,      6,.,     25,     29,     11,.,.,      0,48,52,83.0,43.0,86.7,60.2,81.7,41.7,84.7,58.5,(50 Index Points),146021,CME ,146,F85,FutOnly
MICRO ETHER  - CHICAGO MERCANTILE EXCHANGE,260929,2026-09-29,146022,CME ,0,146,66258,9596,0,0,396,2403,0,31283,59815,1132,21535,2199,358,64300,65907,1958,351,    1136,   -1368,     -37,       0,      72,    -341,       0,   11754,    4467,    -454,   -7466,   -1232,    -847,    1691,    1556,    -555,    -420,100.0,14.5,0.0,0.0,0.6,3.6,0.0,47.2,90.3,1.7,32.5,3.3,0.5,97.0,99.5,3.0,0.5,210,      6,      0,      0,.,.,      0,     20,     12,.,    148,     21,      4,178,38,56.4,89.0,61.8,94.1,56.4,87.3,61.3,92.4,(0.1 Index Points),146022,CME ,146,F85,FutOnly
"NANO ETHER - COINBASE DERIVATIVES, LLC",260929,2026-09-29,146LM1,FREX,0,146,38840,486,0,0,0,0,0,8456,36838,129,29103,1686,0,38174,38653,666,187,  -24441,     486,       0,       0,       0,       0,       0,  -13896,  -21898,    -602,  -10219,   -1768,       0,  -24231,  -24268,    -210,    -173,100.0,1.3,0.0,0.0,0.0,0.0,0.0,21.8,94.8,0.3,74.9,4.3,0.0,98.3,99.5,1.7,0.5,102,.,      0,      0,      0,      0,      0,     13,      7,.,     64,     17,      0,78,27,57.0,94.1,70.2,97.1,57.0,94.1,70.2,97.1,"(0.1 Ether or 1/10 X$2,000 = $200)",146LM1,FREX,146,F85,FutOnly
"NANO ETHER PERP STYLE - COINBASE DERIVATIVES, LLC",260929,2026-09-29,146LM3,FREX,0,146,205173,0,38,0,0,0,0,10386,113939,0,184497,73889,0,194883,187866,10290,17307,  -97538,       0,       0,       0,       0,       0,       0, -101443,  -74716,       0,    3775,  -18554,     -18,  -97686,  -93288,     148,   -4250,100.0,0.0,0.0,0.0,0.0,0.0,0.0,5.1,55.5,0.0,89.9,36.0,0.0,95.0,91.6,5.0,8.4,857,      0,.,      0,      0,      0,      0,     11,     13,      0,    636,    196,      0,647,210,16.0,48.3,24.9,63.2,16.0,48.3,24.9,63.2,(1/10 X Ether),146LM3,FREX,146,F85,FutOnly
"DOGECOIN PERP STYLE - COINBASE DERIVATIVES, LLC",260929,2026-09-29,168LM2,FREX,0,168,3529,0,0,0,0,0,0,551,2367,0,1914,241,0,2465,2608,1064,921,     989,       0,       0,       0,       0,       0,       0,     551,    1186,       0,     500,    -154,       0,    1051,    1032,     -62,     -43,100.0,0.0,0.0,0.0,0.0,0.0,0.0,15.6,67.1,0.0,54.2,6.8,0.0,69.8,73.9,30.2,26.1,39,      0,      0,      0,      0,      0,      0,.,      7,      0,     28,.,      0,29,10,28.4,67.3,40.5,72.4,28.4,67.3,40.5,72.4,"(5,000 Dogecoin)",168LM2,FREX,168,F85,FutOnly
"CARDONA PERP STYLE - COINBASE DERIVATIVES, LLC",260929,2026-09-29,174LM2,FREX,0,174,8999,0,0,0,0,0,0,524,7565,0,6761,1177,0,7285,8742,1714,257,     117,       0,       0,       0,       0,       0,       0,      13,     308,       0,     183,      -5,       0,     196,     303,     -79,    -186,100.0,0.0,0.0,0.0,0.0,0.0,0.0,5.8,84.1,0.0,75.1,13.1,0.0,81.0,97.1,19.0,2.9,107,      0,      0,      0,      0,      0,      0,.,      5,      0,     88,     12,      0,90,17,10.3,84.5,19.2,91.6,10.3,84.5,19.2,91.6,"(1,000 Cardano)",174LM2,FREX,174,F85,FutOnly
XRP - CHICAGO MERCANTILE EXCHANGE,260929,2026-09-29,176740,CME ,0,176,7716,4407,4598,17,1183,580,0,1940,2363,24,0,0,0,7571,7582,145,134,    -968,    -267,     872,    -539,     -74,     116,       0,     327,    -855,    -435,       0,     -86,       0,    -988,    -927,      20,     -41,100.0,57.1,59.6,0.2,15.3,7.5,0.0,25.1,30.6,0.3,0.0,0.0,0.0,98.1,98.3,1.9,1.7,30,.,      4,.,.,.,      0,      9,     13,.,      0,      0,      0,15,18,86.9,62.7,94.5,80.4,86.9,62.5,94.5,80.2,"(Contracts of 50,000 XRP)",176740,CME ,176,F85,FutOnly
"NANO XRP - COINBASE DERIVATIVES, LLC",260929,2026-09-29,176LM1,FREX,0,176,56393,0,0,0,0,0,0,52721,55337,374,2762,532,0,55857,56243,536,150,  -23104,       0,       0,       0,       0,       0,       0,    9005,   10333,  -32028,      28,   -1284,       0,  -22995,  -22979,    -109,    -125,100.0,0.0,0.0,0.0,0.0,0.0,0.0,93.5,98.1,0.7,4.9,0.9,0.0,99.0,99.7,1.0,0.3,44,      0,      0,      0,      0,      0,      0,.,      7,.,     27,      8,      0,30,15,95.2,97.0,96.6,99.2,94.9,96.3,96.2,98.5,(500 XRP x $2.00 = $1000),176LM1,FREX,176,F85,FutOnly
"NANO XRP PERP STYLE - COINBASE DERIVATIVES, LLC",260929,2026-09-29,176LM3,FREX,0,176,39059,0,0,0,0,0,0,2727,29250,0,29655,3261,0,32382,32511,6677,6548,  -13591,       0,       0,       0,       0,       0,       0,  -17935,  -13773,       0,    4044,   -1336,       0,  -13891,  -15109,     300,    1518,100.0,0.0,0.0,0.0,0.0,0.0,0.0,7.0,74.9,0.0,75.9,8.3,0.0,82.9,83.2,17.1,16.8,305,      0,      0,      0,      0,      0,      0,.,     10,      0,    269,     24,      0,271,34,12.6,66.9,20.0,76.0,12.6,66.9,20.0,76.0,(500 XRP x $2.00 = $1000),176LM3,FREX,176,F85,FutOnly
SOL - CHICAGO MERCANTILE EXCHANGE,260929,2026-09-29,177741,CME ,0,177,13082,10897,7467,34,867,1124,0,854,4202,18,0,0,0,12670,12845,412,237,    -398,     383,     283,    -396,      -5,    -108,       0,      25,     328,    -426,       0,     -75,       0,    -419,    -394,      21,      -4,100.0,83.3,57.1,0.3,6.6,8.6,0.0,6.5,32.1,0.1,0.0,0.0,0.0,96.9,98.2,3.1,1.8,34,.,      6,.,.,.,      0,      9,     14,.,      0,      0,      0,14,23,91.6,66.1,95.5,80.9,91.6,65.9,95.4,80.7,(500 SOL- CME CF Solana - Dollar Reference Rate),177741,CME ,177,F85,FutOnly
"NANO SOLANA - COINBASE DERIVATIVES, LLC",260929,2026-09-29,177LM1,FREX,0,177,5580,0,0,0,0,0,0,3308,5206,118,1829,166,0,5255,5490,325,90,   -7738,       0,       0,       0,       0,       0,       0,   -4893,   -4159,   -3243,     514,    -312,       0,   -7622,   -7714,    -116,     -24,100.0,0.0,0.0,0.0,0.0,0.0,0.0,59.3,93.3,2.1,32.8,3.0,0.0,94.2,98.4,5.8,1.6,32,      0,      0,      0,      0,      0,      0,.,      6,.,     19,      4,      0,23,10,67.9,93.2,78.0,97.5,67.9,92.2,78.0,95.5,(5 Solana x $250 = $1250),177LM1,FREX,177,F85,FutOnly
"NANO SOLANA PERP STYLE - COINBASE DERIVATIVES, LLC",260929,2026-09-29,177LM3,FREX,0,177,33742,0,0,0,0,0,0,725,16192,0,27581,4494,0,28306,20686,5436,13056,   -2235,       0,       0,       0,       0,       0,       0,   -1915,    1494,       0,    -378,   -1995,       0,   -2293,    -501,      58,   -1734,100.0,0.0,0.0,0.0,0.0,0.0,0.0,2.1,48.0,0.0,81.7,13.3,0.0,83.9,61.3,16.1,38.7,282,      0,      0,      0,      0,      0,      0,      5,      7,      0,    231,     39,      0,236,46,11.9,45.0,21.2,52.0,11.9,45.0,21.2,52.0,(5 Solana x $180 = $900),177LM3,FREX,177,F85,FutOnly
"CRYPTO HYPE PERP STYLE - COINBASE DERIVATIVES, LLC",260929,2026-09-29,183LM2,FREX,0,183,9511,0,0,0,0,0,0,1641,7526,0,5856,757,0,7497,8283,2014,1228,     663,       0,       0,       0,       0,       0,       0,   -1062,    1916,       0,    1366,   -1265,       0,     304,     651,     359,      12,100.0,0.0,0.0,0.0,0.0,0.0,0.0,17.3,79.1,0.0,61.6,8.0,0.0,78.8,87.1,21.2,12.9,93,      0,      0,      0,      0,      0,      0,      5,      4,      0,     75,      9,      0,80,13,19.6,79.1,28.0,84.0,19.6,79.1,28.0,84.0,(10 x HYPE Index),183LM2,FREX,183,F85,FutOnly
USD INDEX - ICE FUTURES U.S.,260929,2026-09-29,098662,ICUS,1,98,48342,5306,23230,0,20549,2542,1218,15622,15261,556,1533,3970,0,44784,46777,3558,1565,    2014,      -5,    2381,       0,    1605,     370,      -6,    2645,   -2211,    -274,   -2171,    1690,       0,    1794,    1950,     220,      64,100.0,11.0,48.1,0.0,42.5,5.3,2.5,32.3,31.6,1.2,3.2,8.2,0.0,92.6,96.8,7.4,3.2,120,      7,.,      0,     17,      9,.,     39,     18,      9,     17,     10,      0,82,49,44.4,69.7,59.4,78.2,42.1,69.6,56.7,77.7,(U.S. DOLLAR INDEX X $1000),098662,ICUS,98,F90,FutOnly
VIX FUTURES - CBOE FUTURES EXCHANGE,260929,2026-09-29,1170E1,E   ,0,117,421113,102887,32923,25308,42134,108634,54818,89206,96673,72784,4201,1879,4031,395369,397050,25744,24063,    8790,    2148,    -873,     593,   -3990,    7130,   -3622,    9773,    2225,     362,     927,    -102,    -631,    5560,    5082,    3230,    3708,100.0,24.4,7.8,6.0,10.0,25.8,13.0,21.2,23.0,17.3,1.0,0.4,1.0,93.9,94.3,6.1,5.7,192,     21,     12,     19,     21,     21,     24,     45,     47,     61,      6,      7,      9,157,148,28.9,19.0,39.1,33.1,24.8,16.9,32.3,26.2,($1000 X INDEX),1170E1,E   ,117,F90,FutOnly
